{
    "display": {
      "icon": {
        "item": "minecraft:warped_fungus_on_a_stick",
        "nbt": "{CustomModelData:266000}"
      },
      "title": {
        "translate": "advancement.sforms.get_orb_of_darkness"
      },
      "description": {
        "translate": "advancement.sforms.get_orb_of_darkness.description",
        "with": [
          {
            "translate": "lore.sforms.tooltip",
            "color": "white",
            "font": "sforms:tooltip",
            "italic": false
          },
          {
            "text": " "
          },
          {
            "translate": "pack.sforms",
            "color": "#6a3b89",
            "font": "minecraft:default",
            "italic": true
          }
        ]
      }
    },
    "parent": "minecraft:adventure/kill_mob_near_sculk_catalyst",
    "criteria": {
      "requirement": {
        "trigger": "minecraft:inventory_changed",
        "conditions": {
          "items": [
            {
              "items": [
                "minecraft:warped_fungus_on_a_stick"
              ],
              "nbt": "{sforms:{id:\"orb_of_darkness\"}}"
            }
          ]
        }
      }
    }
  }
  